-- MySQL dump 10.13  Distrib 5.7.17, for Win64 (x86_64)
--
-- Host: localhost    Database: data
-- ------------------------------------------------------
-- Server version	5.7.19-log

/*!40101 SET @OLD_CHARACTER_SET_CLIENT=@@CHARACTER_SET_CLIENT */;
/*!40101 SET @OLD_CHARACTER_SET_RESULTS=@@CHARACTER_SET_RESULTS */;
/*!40101 SET @OLD_COLLATION_CONNECTION=@@COLLATION_CONNECTION */;
/*!40101 SET NAMES utf8 */;
/*!40103 SET @OLD_TIME_ZONE=@@TIME_ZONE */;
/*!40103 SET TIME_ZONE='+00:00' */;
/*!40014 SET @OLD_UNIQUE_CHECKS=@@UNIQUE_CHECKS, UNIQUE_CHECKS=0 */;
/*!40014 SET @OLD_FOREIGN_KEY_CHECKS=@@FOREIGN_KEY_CHECKS, FOREIGN_KEY_CHECKS=0 */;
/*!40101 SET @OLD_SQL_MODE=@@SQL_MODE, SQL_MODE='NO_AUTO_VALUE_ON_ZERO' */;
/*!40111 SET @OLD_SQL_NOTES=@@SQL_NOTES, SQL_NOTES=0 */;

--
-- Table structure for table `categories`
--

DROP TABLE IF EXISTS categories;
/*!40101 SET @saved_cs_client     = @@character_set_client */;
/*!40101 SET character_set_client = utf8 */;
CREATE TABLE categories (
  CategoryID int NOT NULL,
  Name varchar(45) DEFAULT NULL,
  PRIMARY KEY (CategoryID)
) ;
/*!40101 SET character_set_client = @saved_cs_client */;

--
-- Dumping data for table `categories`
--

LOCK TABLES categories WRITE;
/*!40000 ALTER TABLE `categories` DISABLE KEYS */;
INSERT INTO categories VALUES (1,'Bikes'),(2,'Components'),(3,'Clothing'),(4,'Accessories');
/*!40000 ALTER TABLE `categories` ENABLE KEYS */;
UNLOCK TABLES;

--
-- Table structure for table `compatibility`
--

DROP TABLE IF EXISTS compatibility;
/*!40101 SET @saved_cs_client     = @@character_set_client */;
/*!40101 SET character_set_client = utf8 */;
CREATE TABLE compatibility (
  BikeProductID int NOT NULL,
  ComponentProductID int NOT NULL,
  PRIMARY KEY (BikeProductID,ComponentProductID)
 ,
  CONSTRAINT fk_Products_has_Products_Products1 FOREIGN KEY (BikeProductID) REFERENCES products (ProductID) ON DELETE NO ACTION ON UPDATE NO ACTION,
  CONSTRAINT fk_Products_has_Products_Products2 FOREIGN KEY (ComponentProductID) REFERENCES products (ProductID) ON DELETE NO ACTION ON UPDATE NO ACTION
) ;

CREATE INDEX fk_Products_has_Products_Products2_idx ON compatibility (ComponentProductID);
CREATE INDEX fk_Products_has_Products_Products1_idx ON compatibility (BikeProductID);
/*!40101 SET character_set_client = @saved_cs_client */;

--
-- Dumping data for table `compatibility`
--

LOCK TABLES compatibility WRITE;
/*!40000 ALTER TABLE `compatibility` DISABLE KEYS */;
/*!40000 ALTER TABLE `compatibility` ENABLE KEYS */;
UNLOCK TABLES;

--
-- Table structure for table `products`
--

DROP TABLE IF EXISTS products;
/*!40101 SET @saved_cs_client     = @@character_set_client */;
/*!40101 SET character_set_client = utf8 */;
CREATE TABLE products (
  ProductID int NOT NULL,
  SubcategoryID int NOT NULL,
  Name varchar(45) NOT NULL,
  Size decimal(16,8) DEFAULT NULL,
  SizeUnit varchar(10) DEFAULT NULL,
  Weight decimal(16,8) DEFAULT NULL,
  Cost decimal(16,8) DEFAULT NULL,
  Price decimal(16,8) DEFAULT NULL,
  Stock int DEFAULT NULL,
  Color varchar(45) DEFAULT NULL,
  Material varchar(45) DEFAULT NULL,
  Manufacturer varchar(45) DEFAULT NULL,
  PRIMARY KEY (ProductID)
 ,
  CONSTRAINT fk_Products_Subcategories FOREIGN KEY (SubcategoryID) REFERENCES subcategories (SubcategoryID) ON DELETE NO ACTION ON UPDATE NO ACTION
) ;

CREATE INDEX fk_Products_Subcategories_idx ON products (SubcategoryID);
/*!40101 SET character_set_client = @saved_cs_client */;

--
-- Dumping data for table `products`
--

LOCK TABLES products WRITE;
/*!40000 ALTER TABLE `products` DISABLE KEYS */;
INSERT INTO products VALUES (680,14,'Miranda Chillax, Black, 58',58.00000000,'cm ',2.24000000,1059.31000000,1431.50000000,3,'Black','Aluminium','Miranda'),(706,14,'Miranda Chillax, Red, 58',58.00000000,'cm ',2.24000000,1059.31000000,1431.50000000,1,'Red','Aluminium','Miranda'),(707,31,'Cube Breakneck, Red',31.00000000,'cm ',0.34100000,13.08630000,34.99000000,7,'Red','Glass fibre','Cube'),(708,31,'Cube Breakneck, Black',28.00000000,'cm ',0.28900000,13.08630000,34.99000000,1,'Black','Glass fibre','Cube'),(709,23,'Mountain Bike Socks, M',NULL,'M',NULL,3.39630000,9.50000000,0,'White','Cotton','Bike Fashion'),(710,23,'Mountain Bike Socks, L',NULL,'L',NULL,3.39630000,9.50000000,1,'White','Cotton','Bike Fashion'),(711,31,'Cube Breakneck, Blue',30.00000000,'cm ',0.28900000,13.08630000,34.99000000,5,'Blue','Glass fibre','Cube'),(712,19,'AWC Logo Cap',NULL,'M',NULL,6.92230000,8.99000000,0,'Multi','Polyester','Bike Fashion'),(713,21,'Long-Sleeve Logo Jersey, S',NULL,'S',NULL,38.49230000,49.99000000,1,'Multi','Cotton','Bike Fashion'),(714,21,'Long-Sleeve Logo Jersey, M',NULL,'M',NULL,38.49230000,49.99000000,1,'Multi','Cotton','Bike Fashion'),(715,21,'Long-Sleeve Logo Jersey, L',NULL,'L',NULL,38.49230000,49.99000000,3,'Multi','Cotton','Bike Fashion'),(716,21,'Long-Sleeve Logo Jersey, XL',NULL,'XL',NULL,38.49230000,49.99000000,1,'Multi','Cotton','Bike Fashion'),(717,14,'Miranda Chillax, Red, 62',62.00000000,'cm ',2.30000000,868.63420000,1431.50000000,2,'Red','Aluminium','Miranda'),(718,14,'Miranda Chillax, Red, 44',44.00000000,'cm ',2.12000000,868.63420000,1431.50000000,0,'Red','Aluminium','Miranda'),(723,14,'Tweed Go On, Black, 60',60.00000000,'cm ',2.48000000,204.62510000,337.22000000,1,'Black','Steel','Tweed'),(724,14,'Tweed Go On, Black, 62',62.00000000,'cm ',2.50000000,204.62510000,337.22000000,1,'Black','Steel','Tweed'),(725,14,'Tweed Go On, Red, 44',44.00000000,'cm ',2.32000000,187.15710000,337.22000000,2,'Red','Steel','Tweed'),(727,14,'Tweed Go On, Red, 52',52.00000000,'cm ',2.40000000,187.15710000,337.22000000,5,'Red','Steel','Tweed'),(728,14,'Tweed Go On, Red, 58',58.00000000,'cm ',2.46000000,187.15710000,337.22000000,5,'Red','Steel','Tweed'),(729,14,'Tweed Go On, Red, 60',60.00000000,'cm ',2.48000000,187.15710000,337.22000000,4,'Red','Steel','Tweed'),(730,14,'Tweed Go On, Red, 62',62.00000000,'cm ',2.50000000,187.15710000,337.22000000,0,'Red','Steel','Tweed'),(731,14,'Tweed Keep On, Red, 44',44.00000000,'cm ',2.22000000,352.13940000,594.83000000,1,'Red','Steel','Tweed'),(732,14,'Tweed Keep On, Red, 48',48.00000000,'cm ',2.26000000,352.13940000,594.83000000,1,'Red','Steel','Tweed'),(734,14,'Tweed Keep On, Red, 58',58.00000000,'cm ',2.36000000,352.13940000,594.83000000,1,'Red','Steel','Tweed'),(735,14,'Tweed Keep On, Red, 60',60.00000000,'cm ',2.38000000,352.13940000,594.83000000,4,'Red','Steel','Tweed'),(736,14,'Tweed Go On, Black, 44',44.00000000,'cm ',2.32000000,204.62510000,337.22000000,1,'Black','Steel','Tweed'),(737,14,'Tweed Go On, Black, 48',48.00000000,'cm ',2.36000000,204.62510000,337.22000000,2,'Black','Steel','Tweed'),(741,12,'Miranda Everest, Silver, 48',48.00000000,'cm ',2.80000000,706.81100000,1364.50000000,1,'Silver','Aluminium','Miranda'),(742,12,'Miranda Everest, Silver, 46',46.00000000,'cm ',2.84000000,747.20020000,1364.50000000,3,'Silver','Aluminium','Miranda'),(743,12,'Miranda Everest, Black, 42',42.00000000,'cm ',2.72000000,739.04100000,1349.60000000,2,'Black','Aluminium','Miranda'),(748,12,'Miranda Everest, Silver, 38',38.00000000,'cm ',2.68000000,747.20020000,1364.50000000,1,'Silver','Aluminium','Miranda'),(749,2,'B'TWIN Journey, 62',62.00000000,'cm ',15.00000000,2171.29420000,3578.27000000,5,'Red','Aluminium','B'TWIN'),(750,2,'B'TWIN Journey, 44',44.00000000,'cm ',13.77000000,2171.29420000,3578.27000000,0,'Red','Aluminium','B'TWIN'),(751,2,'B'TWIN Journey, 48',48.00000000,'cm ',14.13000000,2171.29420000,3578.27000000,6,'Red','Aluminium','B'TWIN'),(752,2,'B'TWIN Journey, 52',52.00000000,'cm ',14.42000000,2171.29420000,3578.27000000,2,'Red','Aluminium','B'TWIN'),(753,2,'B'TWIN Journey, 56',56.00000000,'cm ',14.68000000,2171.29420000,3578.27000000,4,'Red','Aluminium','B'TWIN'),(754,2,'Conway Yesway, 58',58.00000000,'cm ',17.79000000,884.70830000,1457.99000000,0,'Red','Aluminium','Conway'),(755,2,'Conway Yesway, 60',60.00000000,'cm ',17.90000000,884.70830000,1457.99000000,1,'Red','Aluminium','Conway'),(756,2,'Conway Yesway, 44',44.00000000,'cm ',16.77000000,884.70830000,1457.99000000,3,'Red','Aluminium','Conway'),(757,2,'Conway Yesway, 48',48.00000000,'cm ',17.13000000,884.70830000,1457.99000000,6,'Red','Aluminium','Conway'),(758,2,'Conway Yesway, 52',52.00000000,'cm ',17.42000000,884.70830000,1457.99000000,7,'Red','Aluminium','Conway'),(759,2,'Kellys Clarkson's, Red, 58',58.00000000,'cm ',19.79000000,486.70660000,782.99000000,1,'Red','Steel','Kellys'),(760,2,'Kellys Clarkson's, Red, 60',60.00000000,'cm ',19.90000000,486.70660000,782.99000000,6,'Red','Steel','Kellys'),(761,2,'Kellys Clarkson's, Red, 62',62.00000000,'cm ',20.00000000,486.70660000,782.99000000,1,'Red','Steel','Kellys'),(762,2,'Kellys Clarkson's, Red, 44',44.00000000,'cm ',18.77000000,486.70660000,782.99000000,6,'Red','Steel','Kellys'),(763,2,'Kellys Clarkson's, Red, 48',48.00000000,'cm ',19.13000000,486.70660000,782.99000000,7,'Red','Steel','Kellys'),(768,2,'Kellys Clarkson's, Black, 44',44.00000000,'cm ',18.77000000,486.70660000,782.99000000,7,'Black','Steel','Kellys'),(769,2,'Kellys Clarkson's, Black, 48',48.00000000,'cm ',19.13000000,486.70660000,782.99000000,5,'Black','Steel','Kellys'),(772,1,'Kross Scale, Silver, 42',42.00000000,'cm ',20.77000000,1912.15440000,3399.99000000,3,'Silver','Carbon fibre','Kross'),(773,1,'Kross Scale, Silver, 44',44.00000000,'cm ',21.13000000,1912.15440000,3399.99000000,0,'Silver','Carbon fibre','Kross'),(775,1,'Kross Scale, Black, 38',38.00000000,'cm ',20.35000000,1898.09440000,3374.99000000,6,'Black','Carbon fibre','Kross'),(776,1,'Kross Scale, Black, 42',42.00000000,'cm ',20.77000000,1898.09440000,3374.99000000,1,'Black','Carbon fibre','Kross'),(782,1,'B'TWIN Over, Black, 38',38.00000000,'cm ',23.35000000,1251.98130000,2294.99000000,0,'Black','Aluminium','B'TWIN'),(783,1,'B'TWIN Over, Black, 42',42.00000000,'cm ',23.77000000,1251.98130000,2294.99000000,5,'Black','Aluminium','B'TWIN'),(785,1,'Cube Square, 38',38.00000000,'cm ',25.35000000,598.43540000,1079.99000000,5,'Black','Steel','Cube'),(786,1,'Cube Square, 40',40.00000000,'cm ',25.77000000,598.43540000,1079.99000000,1,'Black','Steel','Cube'),(787,1,'Cube Square, 44',44.00000000,'cm ',26.13000000,598.43540000,1079.99000000,2,'Black','Steel','Cube'),(788,1,'Cube Square, 48',48.00000000,'cm ',26.42000000,598.43540000,1079.99000000,6,'Black','Steel','Cube'),(793,2,'B'TWIN Voyage, Black, 44',44.00000000,'cm ',14.77000000,1554.94790000,2443.35000000,2,'Black','Aluminium','B'TWIN'),(794,2,'B'TWIN Voyage, Black, 48',48.00000000,'cm ',15.13000000,1554.94790000,2443.35000000,0,'Black','Aluminium','B'TWIN'),(795,2,'B'TWIN Voyage, Black, 52',52.00000000,'cm ',15.42000000,1554.94790000,2443.35000000,1,'Black','Aluminium','B'TWIN'),(798,2,'Romet Romance, 40',40.00000000,'cm ',17.77000000,713.07980000,1120.49000000,5,'Yellow','Steel','Romet'),(799,2,'Romet Romance, 42',42.00000000,'cm ',18.13000000,713.07980000,1120.49000000,5,'Yellow','Steel','Romet'),(800,2,'Romet Romance, 44',44.00000000,'cm ',18.42000000,713.07980000,1120.49000000,7,'Yellow','Steel','Romet'),(802,10,'Obvious Duh Fork',70.00000000,'cm ',0.70400000,65.80970000,148.22000000,0,'Red','Steel','Obvious'),(803,10,'Obvious Mhm Fork',86.00000000,'cm ',0.89000000,77.91760000,175.49000000,0,'Black','Steel','Obvious'),(804,10,'Obvious FFS Fork',89.00000000,'cm ',0.68900000,101.89360000,229.49000000,0,'Black','Steel','Obvious'),(805,11,'Obvious Duh Headset',67.00000000,'mm',0.10400000,15.18480000,34.20000000,2,'Silver','Steel','Obvious'),(806,11,'Obvious Mhm Headset',78.00000000,'mm',0.10400000,45.41680000,102.29000000,3,'Silver','Steel','Obvious'),(807,11,'Obvious FFS Headset',94.00000000,'mm',0.15200000,55.38010000,124.73000000,4,'Silver','Steel','Obvious'),(808,4,'Obvious Duh Mountain Handlebars',70.00000000,'cm ',0.23000000,19.77580000,44.54000000,0,'Black','Aluminium','Obvious'),(809,4,'Obvious Mhm Mountain Handlebars',72.00000000,'cm ',0.24000000,27.49250000,61.92000000,4,'Black','Aluminium','Obvious'),(810,4,'Obvious FFS Mountain Handlebars',74.00000000,'cm ',0.21400000,53.39990000,120.27000000,4,'Black','Aluminium','Obvious'),(811,4,'Obvious Duh Road Handlebars',68.00000000,'cm ',0.30000000,19.77580000,44.54000000,2,'Silver','Steel','Obvious'),(812,4,'Obvious Mhm Road Handlebars',69.00000000,'cm ',0.28900000,27.49250000,61.92000000,0,'Silver','Steel','Obvious'),(813,4,'Obvious FFS Road Handlebars',69.00000000,'cm ',0.41000000,53.39990000,120.27000000,5,'Black','Steel','Obvious'),(814,12,'Tweed Caveman, 38',38.00000000,'cm ',2.73000000,185.81930000,348.76000000,1,'Black','Steel','Tweed'),(815,17,'Michelin Mountain Star',622.00000000,'mm',1.20000000,26.97080000,60.74500000,4,'Black','Steel','Michelin'),(816,17,'Michelin Mountain Constellation',584.00000000,'mm',0.90500000,92.80710000,209.02500000,4,'Black','Aluminium','Michelin'),(817,17,'Michelin Mountain Galaxy',559.00000000,'mm',0.85000000,133.29550000,300.21500000,2,'Black','Aluminium','Michelin'),(818,17,'Michelin Road Star',622.00000000,'mm',0.90000000,37.99090000,85.56500000,2,'Black','Steel','Michelin'),(819,17,'Michelin Road Constellation',584.00000000,'mm',0.85000000,110.28290000,248.38500000,1,'Black','Aluminium','Michelin'),(820,17,'Michelin Road Galaxy',559.00000000,'mm',0.65000000,146.54660000,330.06000000,1,'Black','Aluminium','Michelin'),(821,17,'Touring Front Wheel',584.00000000,'mm',1.23000000,96.79640000,218.01000000,0,'Black','Aluminium','Michelin'),(822,14,'Tweed Comfy, 38',38.00000000,'cm ',2.18000000,360.94280000,594.83000000,2,'Yellow','Steel','Tweed'),(830,12,'Tweed Caveman, 40',40.00000000,'cm ',2.77000000,185.81930000,348.76000000,0,'Black','Steel','Tweed'),(832,12,'Tweed Caveman, 48',48.00000000,'cm ',2.85000000,185.81930000,348.76000000,2,'Black','Steel','Tweed'),(833,14,'Tweed Comfy, 40',40.00000000,'cm ',2.22000000,360.94280000,594.83000000,4,'Yellow','Steel','Tweed'),(834,14,'Tweed Comfy, 42',42.00000000,'cm ',2.26000000,360.94280000,594.83000000,4,'Yellow','Steel','Tweed'),(836,14,'Tweed Comfy, 48',48.00000000,'cm ',2.34000000,360.94280000,594.83000000,4,'Yellow','Steel','Tweed'),(837,14,'Miranda Chillax, Black, 62',62.00000000,'cm ',2.30000000,868.63420000,1431.50000000,2,'Black','Aluminium','Miranda'),(838,14,'Miranda Chillax, Black, 44',44.00000000,'cm ',2.12000000,868.63420000,1431.50000000,5,'Black','Aluminium','Miranda'),(839,14,'Miranda Chillax, Black, 48',48.00000000,'cm ',2.16000000,868.63420000,1431.50000000,2,'Black','Aluminium','Miranda'),(840,14,'Miranda Chillax, Black, 52',52.00000000,'cm ',2.20000000,868.63420000,1431.50000000,3,'Black','Aluminium','Miranda'),(841,22,'Men's Sports Shorts, S',NULL,'S',NULL,24.74590000,59.99000000,3,'Black','Polyester','Bike Fashion'),(842,35,'Touring-Panniers, Large',80.00000000,'cm ',0.80000000,51.56250000,125.00000000,3,'Grey','Leather','Ello'),(843,34,'Cable Lock',90.00000000,'cm ',0.34000000,10.31250000,25.00000000,3,'Purple','Steel','Ello'),(844,36,'Minipump',30.00000000,'cm ',0.24000000,8.24590000,19.99000000,2,'Purple','Plastic','Conway'),(845,36,'Mountain Pump',54.00000000,'cm ',0.60000000,10.30840000,24.99000000,4,'Brown','Aluminium','Cube'),(846,33,'Taillights - Battery-Powered',NULL,NULL,0.09100000,5.77090000,13.99000000,6,'Red','Plastic','Ello'),(847,33,'Headlights - Dual-Beam',NULL,NULL,0.05000000,14.43340000,34.99000000,1,'White','Plastic','Ello'),(848,33,'Headlights - Weatherproof',NULL,NULL,0.06000000,18.55840000,44.99000000,0,'Blue','Plastic','Conway'),(849,22,'Men's Sports Shorts, M',NULL,'M',NULL,24.74590000,59.99000000,1,'Black','Polyester','Bike Fashion'),(850,22,'Men's Sports Shorts, L',NULL,'L',NULL,24.74590000,59.99000000,0,'Black','Polyester','Bike Fashion'),(851,22,'Men's Sports Shorts, XL',NULL,'XL',NULL,24.74590000,59.99000000,1,'Black','Polyester','Bike Fashion'),(852,24,'Women's Tights, S',NULL,'S',NULL,30.93340000,74.99000000,7,'Black','Nylon','Bike Fashion'),(853,24,'Women's Tights, M',NULL,'M',NULL,30.93340000,74.99000000,0,'Black','Nylon','Bike Fashion'),(854,24,'Women's Tights, L',NULL,'L',NULL,30.93340000,74.99000000,3,'Black','Nylon','Bike Fashion'),(855,18,'Men's Bib-Shorts, S',NULL,'S',NULL,37.12090000,89.99000000,5,'Multi','Elastic','Bike Fashion'),(856,18,'Men's Bib-Shorts, M',NULL,'M',NULL,37.12090000,89.99000000,3,'Multi','Elastic','Bike Fashion'),(857,18,'Men's Bib-Shorts, L',NULL,'L',NULL,37.12090000,89.99000000,2,'Multi','Elastic','Bike Fashion'),(858,20,'Half-Finger Gloves, S',NULL,'S',NULL,9.15930000,24.49000000,0,'Black','Polyester','Bike Fashion'),(859,20,'Half-Finger Gloves, M',NULL,'M',NULL,9.15930000,24.49000000,0,'Black','Polyester','Bike Fashion'),(860,20,'Half-Finger Gloves, L',NULL,'L',NULL,9.15930000,24.49000000,4,'Black','Polyester','Bike Fashion'),(861,20,'Full-Finger Gloves, S',NULL,'S',NULL,15.67090000,37.99000000,2,'Black','Polyester','Bike Fashion'),(862,20,'Full-Finger Gloves, M',NULL,'M',NULL,15.67090000,37.99000000,5,'Black','Polyester','Bike Fashion'),(863,20,'Full-Finger Gloves, L',NULL,'L',NULL,15.67090000,37.99000000,2,'Black','Polyester','Bike Fashion'),(864,25,'Classic Vest, S',NULL,'S',NULL,23.74900000,63.50000000,4,'Blue','Leather','Bike Fashion'),(865,25,'Classic Vest, M',NULL,'M',NULL,23.74900000,63.50000000,0,'Blue','Leather','Bike Fashion'),(866,25,'Classic Vest, L',NULL,'L',NULL,23.74900000,63.50000000,3,'Blue','Leather','Bike Fashion'),(867,22,'Women's Mountain Shorts, S',NULL,'S',NULL,26.17630000,69.99000000,2,'Black','Elastic','Bike Fashion'),(868,22,'Women's Mountain Shorts, M',NULL,'M',NULL,26.17630000,69.99000000,2,'Black','Elastic','Bike Fashion'),(869,22,'Women's Mountain Shorts, L',NULL,'L',NULL,26.17630000,69.99000000,2,'Black','Elastic','Bike Fashion'),(870,28,'Water Bottle - 30 oz.',37.00000000,'cm ',0.12000000,1.86630000,4.99000000,1,'Clear','Plastic','Jitensha Value'),(871,28,'Mountain Bottle Cage',21.00000000,'cm ',0.09400000,3.73630000,9.99000000,2,'Black','Plastic','Jitensha Value'),(872,28,'Road Bottle Cage',24.00000000,'cm ',0.08400000,3.36230000,8.99000000,2,'White','Plastic','Jitensha Value'),(873,37,'Patch Kit/8 Patches',80.00000000,'mm',NULL,0.85650000,2.29000000,0,'Black','Synthetic','Jitensha Value'),(874,23,'Racing Socks, M',NULL,'M',NULL,3.36230000,8.99000000,7,'White','Cotton','Bike Fashion'),(875,23,'Racing Socks, L',NULL,'L',NULL,3.36230000,8.99000000,2,'White','Cotton','Bike Fashion'),(876,26,'Hitch Rack - 4-Bike',80.00000000,'cm ',4.50000000,44.88000000,120.00000000,5,'Green','Plastic','Miranda'),(877,29,'Bike Wash - Dissolver',NULL,NULL,0.50000000,2.97330000,7.95000000,3,'Clear','Other','Jitensha Value'),(878,30,'Fender Set - Mountain',89.00000000,'cm ',0.12000000,8.22050000,21.98000000,5,'Red','Plastic','Cube'),(879,27,'All-Purpose Bike Stand',65.00000000,'cm ',1.20000000,59.46600000,159.00000000,1,'Blue','Plastic','Kellys'),(881,21,'Short-Sleeve Classic Jersey, S',NULL,'S',NULL,41.57230000,53.99000000,3,'Yellow','Cotton','Bike Fashion'),(882,21,'Short-Sleeve Classic Jersey, M',NULL,'M',NULL,41.57230000,53.99000000,3,'Yellow','Cotton','Bike Fashion'),(883,21,'Short-Sleeve Classic Jersey, L',NULL,'L',NULL,41.57230000,53.99000000,5,'Yellow','Cotton','Bike Fashion'),(884,21,'Short-Sleeve Classic Jersey, XL',NULL,'XL',NULL,41.57230000,53.99000000,7,'Yellow','Cotton','Bike Fashion'),(885,16,'Cube France, Yellow, 60',60.00000000,'cm ',3.08000000,601.74370000,1003.91000000,2,'Yellow','Steel','Cube'),(886,16,'Cube Polognee, Yellow, 62',62.00000000,'cm ',3.20000000,199.85190000,333.42000000,3,'Yellow','Steel','Cube'),(887,16,'Cube France, Yellow, 46',46.00000000,'cm ',2.96000000,601.74370000,1003.91000000,4,'Yellow','Steel','Cube'),(888,16,'Cube France, Yellow, 50',50.00000000,'cm ',3.00000000,601.74370000,1003.91000000,5,'Yellow','Steel','Cube'),(890,16,'Cube France, Blue, 46',46.00000000,'cm ',2.96000000,601.74370000,1003.91000000,5,'Blue','Steel','Cube'),(891,16,'Cube France, Blue, 50',50.00000000,'cm ',3.00000000,601.74370000,1003.91000000,5,'Blue','Steel','Cube'),(892,16,'Cube France, Blue, 54',54.00000000,'cm ',3.04000000,601.74370000,1003.91000000,2,'Blue','Steel','Cube'),(893,16,'Cube France, Blue, 60',60.00000000,'cm ',3.08000000,601.74370000,1003.91000000,0,'Blue','Steel','Cube'),(894,9,'Obvious Rear Derailleur',28.00000000,'cm ',0.21500000,53.92820000,121.46000000,4,'Silver','Steel','Obvious'),(895,16,'Cube Polognee, Blue, 50',50.00000000,'cm ',3.10000000,199.85190000,333.42000000,4,'Blue','Steel','Cube'),(896,16,'Cube Polognee, Blue, 54',54.00000000,'cm ',3.14000000,199.85190000,333.42000000,3,'Blue','Steel','Cube'),(898,16,'Cube Polognee, Blue, 62',62.00000000,'cm ',3.20000000,199.85190000,333.42000000,5,'Blue','Steel','Cube'),(899,16,'Cube Polognee, Yellow, 44',44.00000000,'cm ',3.02000000,199.85190000,333.42000000,1,'Yellow','Steel','Cube'),(901,16,'Cube Polognee, Yellow, 54',54.00000000,'cm ',3.14000000,199.85190000,333.42000000,1,'Yellow','Steel','Cube'),(902,16,'Cube Polognee, Yellow, 58',58.00000000,'cm ',3.16000000,199.85190000,333.42000000,0,'Yellow','Steel','Cube'),(903,16,'Cube Polognee, Blue, 44',44.00000000,'cm ',3.02000000,199.85190000,333.42000000,4,'Blue','Steel','Cube'),(904,12,'Cube Circle, 40',40.00000000,'cm ',2.77000000,199.37570000,364.09000000,1,'Silver','Steel','Cube'),(905,12,'Cube Circle, 42',42.00000000,'cm ',2.81000000,199.37570000,364.09000000,2,'Silver','Steel','Cube'),(906,12,'Cube Circle, 46',46.00000000,'cm ',2.85000000,199.37570000,364.09000000,2,'Silver','Steel','Cube'),(907,6,'Obvious Rear Brakes',92.00000000,'mm',0.31700000,47.28600000,106.50000000,2,'Silver','Ceramics','Obvious'),(909,15,'ML Mountain Seat/Saddle',21.00000000,'cm ',0.19000000,17.37820000,39.14000000,0,'Black','Leather','Dartmoor'),(910,15,'HL Mountain Seat/Saddle',19.00000000,'cm ',0.15500000,23.37220000,52.64000000,5,'Black','Leather','Cube'),(912,15,'ML Road Seat/Saddle',27.00000000,'cm ',0.12500000,17.37820000,39.14000000,2,'Black','Leather','Cube'),(913,15,'HL Road Seat/Saddle',26.00000000,'cm ',0.13200000,23.37220000,52.64000000,2,'Blue','Leather','Tweed'),(914,15,'LL Touring Seat/Saddle',28.00000000,'cm ',0.17000000,12.04130000,27.12000000,0,'Yellow','Leather','Ello'),(916,15,'HL Touring Seat/Saddle',27.00000000,'cm ',0.12900000,23.37220000,52.64000000,3,'Yellow','Leather','Romet'),(917,12,'Cube Triangle, Silver, 42',42.00000000,'cm ',2.92000000,144.59380000,264.05000000,4,'Silver','Steel','Cube'),(918,12,'Cube Triangle, Silver, 44',44.00000000,'cm ',2.96000000,144.59380000,264.05000000,5,'Silver','Steel','Cube'),(920,12,'Cube Triangle, Silver, 52',52.00000000,'cm ',3.04000000,144.59380000,264.05000000,0,'Silver','Steel','Cube'),(921,37,'Mountain Tire Tube',200.00000000,'cm ',0.09000000,1.86630000,4.99000000,1,'Black','Rubber','Kellys'),(922,37,'Road Tire Tube',200.00000000,'cm ',0.06000000,1.49230000,3.99000000,5,'Black','Rubber','Kross'),(923,37,'Touring Tire Tube',200.00000000,'cm ',0.07500000,1.86630000,4.99000000,5,'Black','Rubber','Kross'),(924,12,'Cube Triangle, Black, 42',42.00000000,'cm ',2.92000000,136.78500000,249.79000000,0,'Black','Steel','Cube'),(926,12,'Cube Triangle, Black, 48',48.00000000,'cm ',3.00000000,136.78500000,249.79000000,2,'Black','Steel','Cube'),(927,12,'Cube Triangle, Black, 52',52.00000000,'cm ',3.04000000,136.78500000,249.79000000,2,'Black','Steel','Cube'),(928,37,'Kellys Uphill',34.00000000,'mm',0.10000000,9.34630000,24.99000000,4,'Black','Rubber','Kellys'),(929,37,'Kellys Downhill',35.00000000,'mm',0.10000000,11.21630000,29.99000000,1,'Black','Rubber','Kellys'),(930,37,'Kross Me',32.00000000,'mm',0.10000000,13.09000000,35.00000000,1,'Black','Rubber','Kross'),(931,37,'Kellys Highway',17.00000000,'mm',0.10000000,8.03730000,21.49000000,0,'Black','Rubber','Kellys'),(932,37,'Kellys Yourway',16.00000000,'mm',0.10000000,9.34630000,24.99000000,5,'Black','Rubber','Kellys'),(933,37,'Kross You',13.00000000,'mm',0.10000000,12.19240000,32.60000000,1,'Black','Rubber','Kross'),(934,37,'Touring Tire',26.00000000,'mm',0.12000000,10.84230000,28.99000000,2,'Black','Rubber','Kross'),(935,13,'Kross Once',12.00000000,'cm ',0.21800000,17.97760000,40.49000000,5,'Silver/Black','Steel','Kross'),(936,13,'Kross Twice',11.00000000,'cm ',0.21500000,27.56800000,62.09000000,4,'Silver/Black','Steel','Kross'),(937,13,'Kross Thrice',12.00000000,'cm ',0.18500000,35.95960000,80.99000000,4,'Silver/Black','Steel','Kross'),(938,13,'Kross Single',12.00000000,'cm ',0.18900000,17.97760000,40.49000000,3,'Silver/Black','Plastic','Kross'),(940,13,'Kross Quad',11.00000000,'cm ',0.14900000,35.95960000,80.99000000,5,'Silver/Black','Plastic','Kross'),(941,13,'Kross Cross',11.00000000,'cm ',0.32000000,35.95960000,80.99000000,2,'Silver/Black','Plastic','Kross'),(943,12,'Cube Triangle, Black, 40',40.00000000,'cm ',2.88000000,136.78500000,249.79000000,0,'Black','Steel','Cube'),(944,12,'Cube Triangle, Silver, 40',40.00000000,'cm ',2.88000000,144.59380000,264.05000000,4,'Silver','Steel','Cube'),(945,9,'Obvious Front Derailleur',42.00000000,'cm ',0.88000000,40.62160000,91.49000000,1,'Silver','Steel','Obvious'),(946,4,'Obvious Duh Touring Handlebars',83.00000000,'cm ',0.34100000,20.46400000,46.09000000,3,'Silver','Steel','Obvious'),(947,4,'Obvious FFS Touring Handlebars',75.00000000,'cm ',0.29000000,40.65710000,91.57000000,3,'Black','Steel','Obvious'),(948,6,'Obvious Front Brakes',12.00000000,'cm ',0.31700000,47.28600000,106.50000000,5,'Silver','Ceramics','Obvious'),(949,8,'Obvious Duh Crankset',12.00000000,'cm ',0.60000000,77.91760000,175.49000000,1,'Black','Steel','Obvious'),(950,8,'Obvious Mhm Crankset',14.00000000,'cm ',0.63500000,113.88160000,256.49000000,5,'Black','Steel','Obvious'),(951,8,'Obvious FFS Crankset',13.00000000,'cm ',0.57500000,179.81560000,404.99000000,0,'Black','Steel','Obvious'),(952,7,'Obvious Chain',140.00000000,'cm ',0.43000000,8.98660000,20.24000000,3,'Silver','Steel','Obvious'),(953,3,'Cube Somewhere, 60',60.00000000,'cm ',27.90000000,755.15080000,1214.85000000,1,'Blue','Steel','Cube'),(956,3,'Cube Nowhere, Yellow, 54',54.00000000,'cm ',25.68000000,1481.93790000,2384.07000000,1,'Yellow','Aluminium','Cube'),(957,3,'Cube Nowhere, Yellow, 60',60.00000000,'cm ',25.90000000,1481.93790000,2384.07000000,1,'Yellow','Aluminium','Cube'),(960,3,'Cube Everywhere, Blue, 62',62.00000000,'cm ',30.00000000,461.44480000,742.35000000,1,'Blue','Steel','Cube'),(961,3,'Cube Everywhere, Yellow, 44',44.00000000,'cm ',28.77000000,461.44480000,742.35000000,1,'Yellow','Steel','Cube'),(962,3,'Cube Everywhere, Yellow, 50',50.00000000,'cm ',29.13000000,461.44480000,742.35000000,1,'Yellow','Steel','Cube'),(964,3,'Cube Everywhere, Yellow, 58',58.00000000,'cm ',29.79000000,461.44480000,742.35000000,1,'Yellow','Steel','Cube'),(965,3,'Cube Everywhere, Yellow, 62',62.00000000,'cm ',30.00000000,461.44480000,742.35000000,1,'Yellow','Steel','Cube'),(966,3,'Cube Nowhere, Blue, 46',46.00000000,'cm ',25.13000000,1481.93790000,2384.07000000,0,'Blue','Aluminium','Cube'),(967,3,'Cube Nowhere, Blue, 50',50.00000000,'cm ',25.42000000,1481.93790000,2384.07000000,5,'Blue','Aluminium','Cube'),(969,3,'Cube Nowhere, Blue, 60',60.00000000,'cm ',25.90000000,1481.93790000,2384.07000000,1,'Blue','Aluminium','Cube'),(970,3,'Cube Somewhere, 46',46.00000000,'cm ',27.13000000,755.15080000,1214.85000000,1,'Blue','Aluminium','Cube'),(973,2,'Conway Noway, 40',40.00000000,'cm ',15.35000000,1082.51000000,1700.99000000,2,'Yellow','Steel','Conway'),(974,2,'Conway Noway, 42',42.00000000,'cm ',15.77000000,1082.51000000,1700.99000000,1,'Yellow','Steel','Conway'),(975,2,'Conway Noway, 44',44.00000000,'cm ',16.13000000,1082.51000000,1700.99000000,7,'Yellow','Steel','Conway'),(977,2,'Jitensha Ichi, 58',58.00000000,'cm ',20.79000000,343.64960000,539.99000000,7,'Black','Steel','Jitensha Value'),(978,3,'Cube Everywhere, Blue, 44',44.00000000,'cm ',28.77000000,461.44480000,742.35000000,1,'Blue','Aluminium','Cube'),(980,1,'Cube Square Law, 38',38.00000000,'cm ',26.35000000,419.77840000,769.49000000,7,'Silver','Steel','Cube'),(983,1,'Cube Square Law, 46',46.00000000,'cm ',27.42000000,419.77840000,769.49000000,2,'Silver','Steel','Cube'),(985,1,'Cube Tesseract, Silver, 42',42.00000000,'cm ',27.77000000,308.21790000,564.99000000,6,'Silver','Steel','Cube'),(986,1,'Cube Tesseract, Silver, 44',44.00000000,'cm ',28.13000000,308.21790000,564.99000000,1,'Silver','Steel','Cube'),(987,1,'Cube Tesseract, Silver, 48',48.00000000,'cm ',28.42000000,308.21790000,564.99000000,3,'Silver','Steel','Cube'),(988,1,'Cube Tesseract, Silver, 52',52.00000000,'cm ',28.68000000,308.21790000,564.99000000,2,'Silver','Steel','Cube'),(989,1,'Cube Tesseract, Black, 40',40.00000000,'cm ',27.35000000,294.57970000,539.99000000,5,'Black','Steel','Cube'),(993,1,'Cube Tesseract, Black, 52',52.00000000,'cm ',28.68000000,294.57970000,539.99000000,7,'Black','Steel','Cube'),(994,5,'Obvious Duh Bottom Bracket',71.00000000,'mm',0.22300000,23.97160000,53.99000000,4,'Silver','Steel','Obvious'),(995,5,'Obvious Mhm Bottom Bracket',70.00000000,'mm',0.16800000,44.95060000,101.24000000,5,'Silver','Steel','Obvious'),(996,5,'Obvious FFS Bottom Bracket',83.00000000,'mm',0.01700000,53.94160000,121.49000000,5,'Silver','Steel','Obvious'),(997,2,'Jitensha Ichi, 44',44.00000000,'cm ',19.77000000,343.64960000,539.99000000,4,'Black','Steel','Jitensha Value'),(998,2,'Jitensha Ichi, 48',48.00000000,'cm ',20.13000000,343.64960000,539.99000000,5,'Black','Steel','Jitensha Value');
/*!40000 ALTER TABLE `products` ENABLE KEYS */;
UNLOCK TABLES;

--
-- Table structure for table `subcategories`
--

DROP TABLE IF EXISTS subcategories;
/*!40101 SET @saved_cs_client     = @@character_set_client */;
/*!40101 SET character_set_client = utf8 */;
CREATE TABLE subcategories (
  SubcategoryID int NOT NULL,
  CategoryID int NOT NULL,
  Name varchar(45) DEFAULT NULL,
  PRIMARY KEY (SubcategoryID)
 ,
  CONSTRAINT fk_Subcategories_Categories1 FOREIGN KEY (CategoryID) REFERENCES categories (CategoryID) ON DELETE NO ACTION ON UPDATE NO ACTION
) ;

CREATE INDEX fk_Subcategories_Categories1_idx ON subcategories (CategoryID);
/*!40101 SET character_set_client = @saved_cs_client */;

--
-- Dumping data for table `subcategories`
--

LOCK TABLES subcategories WRITE;
/*!40000 ALTER TABLE `subcategories` DISABLE KEYS */;
INSERT INTO subcategories VALUES (1,1,'Mountain Bikes'),(2,1,'Road Bikes'),(3,1,'Touring Bikes'),(4,2,'Handlebars'),(5,2,'Bottom Brackets'),(6,2,'Brakes'),(7,2,'Chains'),(8,2,'Cranksets'),(9,2,'Derailleurs'),(10,2,'Forks'),(11,2,'Headsets'),(12,2,'Mountain Frames'),(13,2,'Pedals'),(14,2,'Road Frames'),(15,2,'Saddles'),(16,2,'Touring Frames'),(17,2,'Wheels'),(18,3,'Bib-Shorts'),(19,3,'Caps'),(20,3,'Gloves'),(21,3,'Jerseys'),(22,3,'Shorts'),(23,3,'Socks'),(24,3,'Tights'),(25,3,'Vests'),(26,4,'Bike Racks'),(27,4,'Bike Stands'),(28,4,'Bottles and Cages'),(29,4,'Cleaners'),(30,4,'Fenders'),(31,4,'Helmets'),(32,4,'Hydration Packs'),(33,4,'Lights'),(34,4,'Locks'),(35,4,'Panniers'),(36,4,'Pumps'),(37,4,'Tires and Tubes');
/*!40000 ALTER TABLE `subcategories` ENABLE KEYS */;
UNLOCK TABLES;
/*!40103 SET TIME_ZONE=@OLD_TIME_ZONE */;

/*!40101 SET SQL_MODE=@OLD_SQL_MODE */;
/*!40014 SET FOREIGN_KEY_CHECKS=@OLD_FOREIGN_KEY_CHECKS */;
/*!40014 SET UNIQUE_CHECKS=@OLD_UNIQUE_CHECKS */;
/*!40101 SET CHARACTER_SET_CLIENT=@OLD_CHARACTER_SET_CLIENT */;
/*!40101 SET CHARACTER_SET_RESULTS=@OLD_CHARACTER_SET_RESULTS */;
/*!40101 SET COLLATION_CONNECTION=@OLD_COLLATION_CONNECTION */;
/*!40111 SET SQL_NOTES=@OLD_SQL_NOTES */;

-- Dump completed on 2017-11-01 14:16:22
